[{"title": "BusinessNZ Services Index", "country": "NZD", "date": "2024-09-15T18:30:00-04:00", "impact": "Low", "forecast": "", "previous": "44.6"}, {"title": "Bank Holiday", "country": "JPY", "date": "2024-09-15T19:00:00-04:00", "impact": "Holiday", "forecast": "", "previous": ""}, {"title": "Rightmove HPI m/m", "country": "GBP", "date": "2024-09-15T19:01:00-04:00", "impact": "Low", "forecast": "", "previous": "-1.5%"}, {"title": "Bank Holiday", "country": "CNY", "date": "2024-09-15T20:01:00-04:00", "impact": "Holiday", "forecast": "", "previous": ""}, {"title": "PPI m/m", "country": "CHF", "date": "2024-09-16T02:30:00-04:00", "impact": "Low", "forecast": "0.1%", "previous": "0.0%"}, {"title": "Italian Trade Balance", "country": "EUR", "date": "2024-09-16T05:00:00-04:00", "impact": "Low", "forecast": "4.45B", "previous": "5.07B"}, {"title": "Trade Balance", "country": "EUR", "date": "2024-09-16T05:00:00-04:00", "impact": "Low", "forecast": "14.9B", "previous": "17.5B"}, {"title": "Manufacturing Sales m/m", "country": "CAD", "date": "2024-09-16T08:30:00-04:00", "impact": "Low", "forecast": "0.7%", "previous": "-2.1%"}, {"title": "Empire State Manufacturing Index", "country": "USD", "date": "2024-09-16T08:30:00-04:00", "impact": "Medium", "forecast": "-4.1", "previous": "-4.7"}, {"title": "Bank Holiday", "country": "CNY", "date": "2024-09-16T20:01:00-04:00", "impact": "Holiday", "forecast": "", "previous": ""}, {"title": "Tertiary Industry Activity m/m", "country": "JPY", "date": "2024-09-17T00:30:00-04:00", "impact": "Low", "forecast": "0.8%", "previous": "-1.3%"}, {"title": "German ZEW Economic Sentiment", "country": "EUR", "date": "2024-09-17T05:00:00-04:00", "impact": "Medium", "forecast": "17.1", "previous": "19.2"}, {"title": "ZEW Economic Sentiment", "country": "EUR", "date": "2024-09-17T05:00:00-04:00", "impact": "Low", "forecast": "16.3", "previous": "17.9"}, {"title": "30-y Bond Auction", "country": "GBP", "date": "2024-09-17T05:02:00-04:00", "impact": "Low", "forecast": "", "previous": "4.64|3.3"}, {"title": "Housing Starts", "country": "CAD", "date": "2024-09-17T08:15:00-04:00", "impact": "Low", "forecast": "252K", "previous": "280K"}, {"title": "CPI m/m", "country": "CAD", "date": "2024-09-17T08:30:00-04:00", "impact": "High", "forecast": "0.0%", "previous": "0.4%"}, {"title": "Median CPI y/y", "country": "CAD", "date": "2024-09-17T08:30:00-04:00", "impact": "High", "forecast": "2.2%", "previous": "2.4%"}, {"title": "Trimmed CPI y/y", "country": "CAD", "date": "2024-09-17T08:30:00-04:00", "impact": "High", "forecast": "2.5%", "previous": "2.7%"}, {"title": "Common CPI y/y", "country": "CAD", "date": "2024-09-17T08:30:00-04:00", "impact": "Medium", "forecast": "2.2%", "previous": "2.2%"}, {"title": "Core CPI m/m", "country": "CAD", "date": "2024-09-17T08:30:00-04:00", "impact": "Low", "forecast": "", "previous": "0.3%"}, {"title": "Core Retail Sales m/m", "country": "USD", "date": "2024-09-17T08:30:00-04:00", "impact": "High", "forecast": "0.2%", "previous": "0.4%"}, {"title": "Retail Sales m/m", "country": "USD", "date": "2024-09-17T08:30:00-04:00", "impact": "High", "forecast": "-0.2%", "previous": "1.0%"}, {"title": "Capacity Utilization Rate", "country": "USD", "date": "2024-09-17T09:15:00-04:00", "impact": "Low", "forecast": "77.9%", "previous": "77.8%"}, {"title": "Industrial Production m/m", "country": "USD", "date": "2024-09-17T09:15:00-04:00", "impact": "Low", "forecast": "0.2%", "previous": "-0.6%"}, {"title": "Business Inventories m/m", "country": "USD", "date": "2024-09-17T10:00:00-04:00", "impact": "Low", "forecast": "0.3%", "previous": "0.3%"}, {"title": "FOMC Member Logan Speaks", "country": "USD", "date": "2024-09-17T10:00:00-04:00", "impact": "Low", "forecast": "", "previous": ""}, {"title": "NAHB Housing Market Index", "country": "USD", "date": "2024-09-17T10:00:00-04:00", "impact": "Low", "forecast": "41", "previous": "39"}, {"title": "CB Leading Index m/m", "country": "AUD", "date": "2024-09-17T10:42:00-04:00", "impact": "Low", "forecast": "", "previous": "-0.1%"}, {"title": "GDT Price Index", "country": "NZD", "date": "2024-09-17T10:55:00-04:00", "impact": "Low", "forecast": "", "previous": "-0.4%"}, {"title": "Westpac Consumer Sentiment", "country": "NZD", "date": "2024-09-17T14:50:00-04:00", "impact": "Low", "forecast": "", "previous": "82.2"}, {"title": "Gov Council Member Rogers Speaks", "country": "CAD", "date": "2024-09-17T18:00:00-04:00", "impact": "Low", "forecast": "", "previous": ""}, {"title": "Current Account", "country": "NZD", "date": "2024-09-17T18:45:00-04:00", "impact": "Low", "forecast": "-3.95B", "previous": "-4.36B"}, {"title": "Core Machinery Orders m/m", "country": "JPY", "date": "2024-09-17T19:50:00-04:00", "impact": "Low", "forecast": "0.4%", "previous": "2.1%"}, {"title": "Trade Balance", "country": "JPY", "date": "2024-09-17T19:50:00-04:00", "impact": "Low", "forecast": "-0.96T", "previous": "-0.76T"}, {"title": "MI Leading Index m/m", "country": "AUD", "date": "2024-09-17T20:30:00-04:00", "impact": "Low", "forecast": "", "previous": "0.0%"}, {"title": "CPI y/y", "country": "GBP", "date": "2024-09-18T02:00:00-04:00", "impact": "High", "forecast": "2.2%", "previous": "2.2%"}, {"title": "Core CPI y/y", "country": "GBP", "date": "2024-09-18T02:00:00-04:00", "impact": "Low", "forecast": "3.6%", "previous": "3.3%"}, {"title": "PPI Input m/m", "country": "GBP", "date": "2024-09-18T02:00:00-04:00", "impact": "Low", "forecast": "-0.3%", "previous": "-0.1%"}, {"title": "PPI Output m/m", "country": "GBP", "date": "2024-09-18T02:00:00-04:00", "impact": "Low", "forecast": "0.0%", "previous": "0.0%"}, {"title": "RPI y/y", "country": "GBP", "date": "2024-09-18T02:00:00-04:00", "impact": "Low", "forecast": "3.4%", "previous": "3.6%"}, {"title": "HPI y/y", "country": "GBP", "date": "2024-09-18T04:30:00-04:00", "impact": "Low", "forecast": "2.8%", "previous": "2.7%"}, {"title": "Final Core CPI y/y", "country": "EUR", "date": "2024-09-18T05:00:00-04:00", "impact": "Low", "forecast": "2.8%", "previous": "2.8%"}, {"title": "Final CPI y/y", "country": "EUR", "date": "2024-09-18T05:00:00-04:00", "impact": "Low", "forecast": "2.2%", "previous": "2.2%"}, {"title": "German 30-y Bond Auction", "country": "EUR", "date": "2024-09-18T05:36:00-04:00", "impact": "Low", "forecast": "", "previous": "2.45|2.8"}, {"title": "German Buba President Nagel Speaks", "country": "EUR", "date": "2024-09-18T07:00:00-04:00", "impact": "Low", "forecast": "", "previous": ""}, {"title": "Foreign Securities Purchases", "country": "CAD", "date": "2024-09-18T08:30:00-04:00", "impact": "Low", "forecast": "", "previous": "5.17B"}, {"title": "Building Permits", "country": "USD", "date": "2024-09-18T08:30:00-04:00", "impact": "Medium", "forecast": "1.41M", "previous": "1.40M"}, {"title": "Housing Starts", "country": "USD", "date": "2024-09-18T08:30:00-04:00", "impact": "Low", "forecast": "1.31M", "previous": "1.24M"}, {"title": "Crude Oil Inventories", "country": "USD", "date": "2024-09-18T10:30:00-04:00", "impact": "Medium", "forecast": "-0.2M", "previous": "0.8M"}, {"title": "BOC Summary of Deliberations", "country": "CAD", "date": "2024-09-18T13:30:00-04:00", "impact": "Low", "forecast": "", "previous": ""}, {"title": "Federal Funds Rate", "country": "USD", "date": "2024-09-18T14:00:00-04:00", "impact": "High", "forecast": "5.25%", "previous": "5.50%"}, {"title": "FOMC Economic Projections", "country": "USD", "date": "2024-09-18T14:00:00-04:00", "impact": "High", "forecast": "", "previous": ""}, {"title": "FOMC Statement", "country": "USD", "date": "2024-09-18T14:00:00-04:00", "impact": "High", "forecast": "", "previous": ""}, {"title": "FOMC Press Conference", "country": "USD", "date": "2024-09-18T14:30:00-04:00", "impact": "High", "forecast": "", "previous": ""}, {"title": "TIC Long-Term Purchases", "country": "USD", "date": "2024-09-18T16:00:00-04:00", "impact": "Low", "forecast": "54.9B", "previous": "96.1B"}, {"title": "GDP q/q", "country": "NZD", "date": "2024-09-18T18:45:00-04:00", "impact": "High", "forecast": "-0.4%", "previous": "0.2%"}, {"title": "Employment Change", "country": "AUD", "date": "2024-09-18T21:30:00-04:00", "impact": "High", "forecast": "26.4K", "previous": "58.2K"}, {"title": "Unemployment Rate", "country": "AUD", "date": "2024-09-18T21:30:00-04:00", "impact": "High", "forecast": "4.2%", "previous": "4.2%"}, {"title": "Trade Balance", "country": "CHF", "date": "2024-09-19T02:00:00-04:00", "impact": "Low", "forecast": "5.05B", "previous": "4.89B"}, {"title": "SECO Economic Forecasts", "country": "CHF", "date": "2024-09-19T03:00:00-04:00", "impact": "Low", "forecast": "", "previous": ""}, {"title": "Current Account", "country": "EUR", "date": "2024-09-19T04:00:00-04:00", "impact": "Low", "forecast": "40.3B", "previous": "50.5B"}, {"title": "German Buba Monthly Report", "country": "EUR", "date": "2024-09-19T06:00:00-04:00", "impact": "Low", "forecast": "", "previous": ""}, {"title": "Monetary Policy Summary", "country": "GBP", "date": "2024-09-19T07:00:00-04:00", "impact": "High", "forecast": "", "previous": ""}, {"title": "MPC Official Bank Rate Votes", "country": "GBP", "date": "2024-09-19T07:00:00-04:00", "impact": "High", "forecast": "0-2-7", "previous": "0-5-4"}, {"title": "Official Bank Rate", "country": "GBP", "date": "2024-09-19T07:00:00-04:00", "impact": "High", "forecast": "5.00%", "previous": "5.00%"}, {"title": "German Buba President Nagel Speaks", "country": "EUR", "date": "2024-09-19T07:30:00-04:00", "impact": "Low", "forecast": "", "previous": ""}, {"title": "Gov Council Member Vincent Speaks", "country": "CAD", "date": "2024-09-19T08:00:00-04:00", "impact": "Low", "forecast": "", "previous": ""}, {"title": "Unemployment Claims", "country": "USD", "date": "2024-09-19T08:30:00-04:00", "impact": "High", "forecast": "230K", "previous": "230K"}, {"title": "Philly Fed Manufacturing Index", "country": "USD", "date": "2024-09-19T08:30:00-04:00", "impact": "Medium", "forecast": "-0.8", "previous": "-7.0"}, {"title": "Current Account", "country": "USD", "date": "2024-09-19T08:30:00-04:00", "impact": "Low", "forecast": "-259B", "previous": "-238B"}, {"title": "Existing Home Sales", "country": "USD", "date": "2024-09-19T10:00:00-04:00", "impact": "Medium", "forecast": "3.92M", "previous": "3.95M"}, {"title": "CB Leading Index m/m", "country": "USD", "date": "2024-09-19T10:00:00-04:00", "impact": "Low", "forecast": "-0.3%", "previous": "-0.6%"}, {"title": "Natural Gas Storage", "country": "USD", "date": "2024-09-19T10:30:00-04:00", "impact": "Low", "forecast": "53B", "previous": "40B"}, {"title": "GfK Consumer Confidence", "country": "GBP", "date": "2024-09-19T19:01:00-04:00", "impact": "Low", "forecast": "-13", "previous": "-13"}, {"title": "National Core CPI y/y", "country": "JPY", "date": "2024-09-19T19:30:00-04:00", "impact": "Low", "forecast": "2.8%", "previous": "2.7%"}, {"title": "1-y Loan Prime Rate", "country": "CNY", "date": "2024-09-19T21:00:00-04:00", "impact": "Medium", "forecast": "3.35%", "previous": "3.35%"}, {"title": "5-y Loan Prime Rate", "country": "CNY", "date": "2024-09-19T21:00:00-04:00", "impact": "Medium", "forecast": "3.85%", "previous": "3.85%"}, {"title": "BOJ Policy Rate", "country": "JPY", "date": "2024-09-19T22:30:00-04:00", "impact": "High", "forecast": "<0.25%", "previous": "<0.25%"}, {"title": "Monetary Policy Statement", "country": "JPY", "date": "2024-09-19T22:30:00-04:00", "impact": "High", "forecast": "", "previous": ""}, {"title": "Credit Card Spending y/y", "country": "NZD", "date": "2024-09-19T23:00:00-04:00", "impact": "Low", "forecast": "", "previous": "-3.8%"}, {"title": "BOJ Press Conference", "country": "JPY", "date": "2024-09-20T01:30:00-04:00", "impact": "High", "forecast": "", "previous": ""}, {"title": "German PPI m/m", "country": "EUR", "date": "2024-09-20T02:00:00-04:00", "impact": "Low", "forecast": "0.0%", "previous": "0.2%"}, {"title": "Retail Sales m/m", "country": "GBP", "date": "2024-09-20T02:00:00-04:00", "impact": "High", "forecast": "0.3%", "previous": "0.5%"}, {"title": "Public Sector Net Borrowing", "country": "GBP", "date": "2024-09-20T02:00:00-04:00", "impact": "Low", "forecast": "12.1B", "previous": "2.2B"}, {"title": "MPC Member Mann Speaks", "country": "GBP", "date": "2024-09-20T05:00:00-04:00", "impact": "Low", "forecast": "", "previous": ""}, {"title": "Foreign Direct Investment ytd/y", "country": "CNY", "date": "2024-09-20T06:02:00-04:00", "impact": "Low", "forecast": "", "previous": "-29.6%"}, {"title": "BOC Gov Macklem Speaks", "country": "CAD", "date": "2024-09-20T08:15:00-04:00", "impact": "High", "forecast": "", "previous": ""}, {"title": "Core Retail Sales m/m", "country": "CAD", "date": "2024-09-20T08:30:00-04:00", "impact": "High", "forecast": "0.2%", "previous": "0.3%"}, {"title": "Retail Sales m/m", "country": "CAD", "date": "2024-09-20T08:30:00-04:00", "impact": "High", "forecast": "0.5%", "previous": "-0.3%"}, {"title": "IPPI m/m", "country": "CAD", "date": "2024-09-20T08:30:00-04:00", "impact": "Low", "forecast": "-0.3%", "previous": "0.0%"}, {"title": "RMPI m/m", "country": "CAD", "date": "2024-09-20T08:30:00-04:00", "impact": "Low", "forecast": "-2.0%", "previous": "0.7%"}, {"title": "Consumer Confidence", "country": "EUR", "date": "2024-09-20T10:00:00-04:00", "impact": "Low", "forecast": "-13", "previous": "-13"}, {"title": "ECB President Lagarde Speaks", "country": "EUR", "date": "2024-09-20T11:00:00-04:00", "impact": "Medium", "forecast": "", "previous": ""}, {"title": "FOMC Member Harker Speaks", "country": "USD", "date": "2024-09-20T14:00:00-04:00", "impact": "Medium", "forecast": "", "previous": ""}]